Title,Job Condition,Job Sector,Company
모햇 서비스 프론트엔드 개발,(주)에이치에너지,서울 강남구 신입·경력 대졸↑ 정규직,Python 웹개발
[(주) 액스비스] SW개발팀 C/C++ 신입 및 경력자 모집,(주)액스비스,대전 유성구 경력무관 대졸↑ 정규직,웹개발 C++
상표의 미래를 혁신할 개발자를 찾습니다,닥터마크,"서울 종로구 신입·경력 학력무관 정규직 6,000 만원",웹개발
2025 (주)웨슬리퀘스트 데이터 분석 인턴 채용 모집 ( 긴급 ),㈜웨슬리퀘스트,서울 서대문구 신입 대졸↑ 계약직,
[신입/경력] 웹 개발자(Web Debeloper),(주)에버스핀,서울 동작구 경력무관 학력무관 정규직,웹개발 백엔드/서버개발
한양디지텍 반도체 개발팀 신입/경력사원 모집,한양디지텍㈜,경기 화성시 신입 대졸↑ 정규직,
2025년 2분기 유디에스(주) 채용 (경영관리),유디에스(주),경기 성남시 수정구 경력8년↑ 대졸↑ 정규직,
(주)이지솔루션즈 2025년 상반기 경력/신입 사원 채용,(주)이지솔루션즈,서울 강서구 경력무관 대졸↑ 정규직,
증권 데이터 수집 및 콘텐츠 개발자 모집,(주)씽크풀,서울 영등포구 경력무관 학력무관 정규직,백엔드/서버개발
AI기반 머신비전 연구개발자(전문연구요원 가능),(주)트윔,경기 화성시 신입·경력 대졸↑ 정규직,C++ AI(인공지능)
2025년도 상반기 직원 공개 채용,(주)미래기준연구소,서울전체 신입·경력 대졸↑ 정규직·계약직,
디지털퍼포먼스마케팅 AE 신입 및 팀장 채용,(주)이엠넷,서울 구로구 신입·경력 대졸↑ 정규직,
배터리(Battery) 2차전지 경력직 채용,(주)자비스,경기 화성시 경력 학력무관 정규직,C++ C언어
[신입] 영업지원 담당자 모집,(주)콘텐츠브릿지,서울 강남구 신입 초대졸↑ 정규직,
디와이덕양 경력직 모집 - 전동화생산기술 및 전동화설계(BMS),디와이덕양(주),울산 북구 경력5년↑ 대졸↑ 정규직·계약직,
[프람트테크놀로지] 소프트웨어 개발분야 정규직 신입사원 채용,(주)프람트테크놀로지,"서울 강남구 신입 대졸↑ 정규직·계약직 4,200 만원",백엔드/서버개발
[인천 송도 근무] 마케팅 일반 사무직 채용,(주)쇼엠,인천 연수구 경력무관 학력무관 정규직,
Mechanical Engineer - Prototyping & Innovation Specialist,SK이노베이션(주),대전 유성구 경력3년↑ 대졸↑ 정규직,
의료정보포털 웹 애플리케이션 프로그래머(신입/경력),(주)오상테크놀로지,서울 금천구 신입·경력 초대졸↑ 정규직,웹개발 백엔드/서버개발
[딥아이] WEB 개발자(Frontend / Backend Developer) 모집,(주)딥아이,부산 기장군 경력무관 대졸↑ 정규직,웹개발
[카카오자회사] DBA 영입,(주)디케이테크인,경기 성남시 분당구 경력 1~16년 학력무관 정규직,
[비트망고]글로벌 모바일게임 Back-end Programmer(신입정규직),(주)비트망고,경기 성남시 분당구 신입 대졸↑ 정규직,백엔드/서버개발
[망고카] 데이터 분석가(신입/경력) 채용,망고카(주),서울 영등포구 신입·경력 학력무관 정규직,
[800만명이 선택한 패스오더] '그로스마케터(그로스해커)' 채용,(주)페이타랩,서울 강남구 경력무관 학력무관 정규직,빅데이터
AI 개발자 채용 (Python 경력),에이치에스소프트(주),충남 아산시 경력3년↑ 학력무관 정규직,Python AI(인공지능)
Python 개발자 [경력],(주)씨이랩,서울 강남구 경력 3~10년 대졸↑ 정규직,Python 웹개발
Python 개발자 채용 (경력),에이치에스소프트(주),인천 연수구 경력3년↑ 학력무관 정규직,Python AI(인공지능)
[판교] - 프론트엔드 개발자 채용,(주)플랜티엠,경기 성남시 분당구 경력 1~4년 대졸↑ 정규직,Python 웹개발
[씨이랩] Python 개발자,(주)씨이랩,서울 강남구 경력 3~10년 대졸↑ 정규직,Python C++
"[분당,평촌] S/W 테스트 엔지니어(QA) 모집",(주)큐드,경기 성남시 분당구 신입·경력 초대졸↑ 정규직,Python 백엔드/서버개발
[정규직] Python 웹개발 경력사원모집(경력 6년 이상),스퀘어네트(주),서울 강남구 경력 6~12년 초대졸↑ 정규직,Python 웹개발
백엔드 개발자(Python/Lead),(주)카레딧,서울 마포구 경력 5~10년 대졸↑ 정규직,Python 웹개발
[인공지능솔루션] 엔지니어 직군 채용,(주)제논,서울 강남구 경력 1~20년 대졸↑ 정규직·전문연구요원,Python 백엔드/서버개발
AI 서비스 - 자연어처리 (NLP) / Python 엔진 개발,아일리스프런티어(주),서울 종로구 경력 1~3년 학력무관 정규직,Python 웹개발
"[일본 / CAL주식회사] WEB/ IT 개발자 채용, 미경험 신입 대환영",칼주식회사(영업소),"일본 경력무관 초대졸↑ 정규직 3,600 만원",Python 웹개발
Python 개발자 모집,(주)애드크림,서울 강남구 경력 3~5년 학력무관 정규직,Python 웹개발
[디무브] 2025 Developer 정규직 채용,(주)디무브,서울 서초구 경력무관 초대졸↑ 정규직,Python 웹개발
Python/Java 개발(경력8~10),(주)데이터누리,서울 강서구 경력 8~10년 학력무관 정규직,Python 웹개발
S/W QA & Test Engineer (신입/경력) 모집합니다.,컴즈(주),서울 구로구 경력무관 초대졸↑ 정규직·프리랜서,Python 백엔드/서버개발
[IT 솔루션 및 통합서비스 전문기업] 파이썬(Python) 개발자,에이치알포유(주),서울 강남구 경력 5~20년 초대졸↑ 정규직,Python AI(인공지능)
[웨이즈원(주)] ITS 애플리케이션 개발 직무 채용,웨이즈원(주),경기 성남시 분당구 신입·경력 대졸↑ 정규직,Python 웹개발
시스템 엔지니어 신입 및 경력 모집,인터리젠(주),서울 강남구 경력 초대졸↑ 정규직,Python 웹개발
[여의도] 당사 CX개발4부 개발자 신규 채용 MQq4,(주)트랜스코스모스코리아,"서울 영등포구 신입 초대졸↑ 정규직 3,100 만원",Python 웹개발
Junior Backend 개발자,(유)넥스트씨아이코리아,경기 과천시 신입·경력 초대졸↑ 정규직,Python 백엔드/서버개발
Python/Java 개발(경력5~7),(주)데이터누리,서울 강서구 경력 5~7년 학력무관 정규직,Python 웹개발
[Backend] 경력직 Python 개발자 채용,아이디벨롭 주식회사,서울 강남구 경력 3~10년 학력무관 정규직·계약직,웹개발 백엔드/서버개발
선행연구팀 프론트엔드 개발자 채용,(주)트윔,경기 화성시 신입·경력 대졸↑ 계약직,Python C++
국가연구과제 개발자 모집(Python/Pytorch/API/JAVA/React),(주)케파스,서울 강남구 경력 4~15년 초대졸↑ 정규직·계약직,Python 웹개발
㈜피아이이 상반기 경력사원 공개채용,(주)피아이이,경기 화성시 경력 초대졸↑ 정규직,Python C++
"PC 응용프로그램 경력 개발자 모집 (python, electron)",(주)판도플랫폼,경기 성남시 분당구 경력4년↑ 학력무관 정규직,Python
개발 담당자(신입/경력),굿어스데이터(주),서울 강남구 신입·경력 학력무관 정규직,Python 웹개발
Python/Django 백엔드·서버 개발자 채용,(주)에코씨앤에이,서울 용산구 경력3년↑ 학력무관 정규직,Python 웹개발
[여의도/자체직전환/신입가능]나이스평가정보 데이터분석 채용,(주)메이크인,"서울 영등포구 경력무관 초대졸↑ 계약직·파견직 3,000 만원",Python 빅데이터
Backend Engineer (신입/경력),(주)에스아이에이,서울 강남구 경력무관 학력무관 정규직,Python 백엔드/서버개발
"Django, SaaS 개발자(python / 리드급) 채용공고",(주)에스엠해썹,경기 오산시 경력10년↓ 대졸↑ 정규직,Python
"[금융SI, SM] Java, JSP 경력직 웹 개발자를 모십니다.",(주)누리어시스템,경기 하남시 경력6년↑ 초대졸↑ 정규직,Python 웹개발
마크클라우드 솔루션 백엔드 개발자 채용 (신입 / 경력),(주)마크클라우드,서울 강남구 경력무관 대졸↑ 정규직,Python 웹개발
"[서울/경기] 수강료 0원 무료 취업교육생 과정모집(인공지능AI,빅데이터,풀스택,웹디자인,게임,메타버스)",엠비씨(MBC)아카데미 컴퓨터교육센터,서울 종로구 신입·경력 학력무관 교육생,Python 웹개발
환경분야 솔루션 개발 신입/경력직 모집합니다,(주)아로텍,서울 성동구 경력무관 학력무관 정규직·계약직,Python 웹개발
JAVA 웹 개발자 정규직  신입1명  모집,(주)인디시스템,서울 금천구 신입 초대졸↑ 정규직,Python 웹개발
[프론트 & 백엔드] 개발자 채용 공고,주식회사한결아이엔이,서울 성동구 경력무관 학력무관 정규직·계약직,Python 웹개발
[CAL/일본근무]비전공자 환영/ WEB개발 정규직 채용(일본어필수),칼주식회사(영업소),"일본 경력무관 초대졸↑ 정규직 3,600 만원",Python 웹개발
[신입] SW 개발 엔지니어 채용,BIMPeers,서울 서초구 신입 대졸↑ 정규직,Python C++
계룡건설_빅데이터 기반 Green Tech SW 개발자 교육생 모집,미래융합교육원,대전 서구 경력무관 대졸↑ 교육생,Python AI(인공지능)
로봇/로보틱스 S/W 엔지니어 모집(인턴/신입/경력/전문연구요원),(주)테솔로,경기 광명시 신입·경력 대졸↑ 정규직·인턴직,Python 백엔드/서버개발
"구글클라우드/GWS영업(프리세일즈,계약),GMP 기획 운영",(주)골든플래닛,서울 강남구 신입·경력 학력무관 정규직,Python 백엔드/서버개발
2025년 상반기 상시채용 모집,(주)티엑스알로보틱스,경기 부천시 신입·경력 학력무관 정규직,Python 웹개발
[새솔테크] 2025 신입 소프트웨어 개발자 채용,새솔테크(주),"경기 안양시 동안구 신입 대졸↑ 정규직 4,500 만원",Python 웹개발
각 부문 신입 및 경력 채용,기쁨병원,서울 서초구 신입·경력 초대졸↑ 정규직,Python 웹개발
2025년도 6월 별정직(계약직) 직원 모집,한국자동차연구원,충남 천안시 경력무관 초대졸↑ 계약직,Python C++
"C#, Python 프로그래머 경력사원 모집",(주)더서울테크,"경기 파주시 경력 학력무관 정규직 3,750 만원",
국내 광고 포털 유지 보수 및 신규 서비스 개발 (Python),(주)애드크림,서울 강남구 경력3년↑ 학력무관 정규직,웹개발 백엔드/서버개발
[KSTEC] Python 시스템 개발 경력사원 채용,지식시스템㈜ KSTEC Inc.,경기 성남시 분당구 경력 1~7년 대졸↑ 정규직,Python AI(인공지능)
정규직 경력(5-10년)채용 Python/AWS/Azure/Data Engineer,(주)데이터다이나믹스,경기 성남시 분당구 경력 5~10년 학력무관 정규직,빅데이터
[개발팀]NestJS+Python 백엔드 경력직 개발자 채용,(주)씨에스엠17,서울 금천구 경력5년↑ 대졸↑ 정규직,Python 백엔드/서버개발
[데이터누리] Python/Java 개발 경력자 채용,(주)데이터누리,서울 강서구 경력 5~10년 초대졸↑ 정규직,Java
"[OFN] 글로벌 Edu-tech 플랫폼, 웹개발자 모집",(주)오렌지풋볼네트워크,서울 중구 경력무관 학력무관 정규직,Python 웹개발
파이썬 (Python) 백엔드 개발자 모집 - AI 개발 경력자 우대,(주)씨피에스테크,경기 화성시 경력2년↑ 대졸↑ 정규직·계약직,Python 백엔드/서버개발
생체신호 인공지능 파이썬(Python) 개발 경력자 채용,(주)오토웰즈,광주 서구 경력2년↑ 학력무관 정규직,웹개발 AI(인공지능)
백엔드 Python 경력직 개발자 모집,아이디벨롭(주),서울전체 경력 3~10년 초대졸↑ 정규직,Python 웹개발
[판교] Python 기반 PC Client 개발자 채용 (Windows/Mac OS),(주)클라우다이크,경기 성남시 수정구 경력3년↑ 대졸↑ 정규직,
"백엔드 개발(반도체 C/S분야 : Window, Linux, Java, R, Python)",(주)스카우트플랜,경기 성남시 분당구 경력3년↑ 대졸↑ 정규직,Python 백엔드/서버개발
세븐미어캣  Python 백엔드 개발자 인재채용,(주)세븐미어캣,경기 시흥시 경력2년↑ 학력무관 정규직,웹개발 백엔드/서버개발
"파이썬(Python, AWS) 경력 개발자 채용",(주)한국미용데이터,서울 관악구 경력4년↑ 학력무관 계약직,Python 웹개발
"여의도 우리투자증권 개발 및 운영 C, C++, Python",위쉬정보기술㈜,서울 구로구 경력5년↑ 학력무관 정규직·계약직,Python C++
AI 풀스택 엔지니어/python/3~7년/AI 솔루션벤처,굿커리어,서울 서초구 경력 3~7년 대졸↑ 정규직,Python 웹개발
2025년 2분기 청년인턴(체험형 인턴),한국과학기술정보연구원,서울전체 경력무관 학력무관 인턴직,Python 웹개발
"직군별 채용(기획,정보보안,마케팅,개발,DBA,재무회계 등)",(주)헥토이노베이션,서울 강남구 신입·경력 초대졸↑ 정규직,Python 웹개발
[㈜테크웨이즈] 각 부문별 신입·경력사원 모집,(주)테크웨이즈,경기 용인시 수지구 신입·경력 고졸↑ 정규직,Python AI(인공지능)
[2025 Internship] Cyber Security Consultant,한국아이비엠(주),서울전체 경력무관 대졸↑ 인턴직,Python Java
[Tech] 채용연계형 인턴십,(주)케이뱅크,서울 중구 경력무관 대졸↑ 정규직·인턴직,Python 백엔드/서버개발
(주)미코 각 부문 신입/경력 수시채용,(주)미코,경기 화성시 신입·경력 대졸↑ 정규직,Python Java
시니어 파이썬 백엔드 엔지니어 채용,(주)알로카도스,서울 강남구 경력 5~15년 학력무관 정규직,Python 웹개발
[국비무료IT취업]자바파이썬/웹개발/빅데이터/인공지능,(사)한국아이씨티에이아이기술협회,서울 마포구 경력무관 학력무관 교육생,Python 웹개발
Mac Agent 파이썬 개발자/안드로이드&ios 개발자 채용 공고,(주)아이젝스,서울 금천구 경력5년↑ 초대졸↑ 정규직,Python
파이썬 및 리액트 중급 개발자 모집 (유지보수),(주)빅피플정보기술,서울 강서구 경력 5~9년 학력무관 프리랜서,Python 웹개발
의료 영상 분석 파이썬(Python) 경력 개발자 채용,주식회사딥클루(DeepClueInc.),서울 광진구 경력3년↑ 대졸↑ 정규직,
[유망 스타트업] [경력] 파이썬 백엔드 개발자 채용,주식회사 링크루트,서울 관악구 경력 5~10년 대졸↑ 정규직,Python 백엔드/서버개발
[인천 송도 근무] 파이썬 개발자 사원 채용,(주)쇼엠,인천 연수구 경력무관 학력무관 정규직,Python 웹개발
[인천송도] 파이썬 기반 AI 모델 및 서비스 개발자 채용,(주)애나,"인천 연수구 경력 대졸↑ 계약직 3,000 만원",AI(인공지능) 딥러닝
2025년 상반기 각 부문별 신입/경력 채용,시냅스이미징(주),경기 군포시 신입·경력 초대졸↑ 정규직,Python C++
[대동] 각 부문별 신입/경력 채용,(주)대동,서울 서초구 신입·경력 대졸↑ 정규직,Python C++
[파이썬] AI 빅데이터 수업 가능한 컴퓨터교육 선생님,나우전산학원,경남 창원시 경력 대졸↑ 정규직,
㈜우진플라임 부문별 인재채용,(주)우진플라임,충북 보은군 신입·경력 학력무관 정규직,웹개발 백엔드/서버개발
[티머니&티머니모빌리티] 2025년 신입사원 공개채용,(주)티머니,서울 중구 신입 대졸↑ 정규직,Python 웹개발
[kt ds] 2025년 부문별 경력 상시채용,(주)케이티디에스,서울 서초구 경력 학력무관 정규직·계약직,Python 웹개발
25년 4월 각 부문별 신입/경력사원 채용,(주)신지모루,서울 마포구 신입·경력 초대졸↑ 정규직,Python 웹개발
2025년 메리츠화재 상반기 각 부문별 신입/경력 채용,메리츠화재해상보험(주),서울전체 신입·경력 초대졸↑ 정규직·계약직,Python Java
2025년 코오롱인더스트리 경력사원 상반기 공개채용,코오롱인더스트리(주),서울 강서구 경력 대졸↑ 정규직,Python AI(인공지능)
[주 3일 원격근무] 비상교육 전체직무 상시채용,(주)비상교육,경기 과천시 신입·경력 대졸↑ 정규직·계약직,Python 백엔드/서버개발
"㈜포니링크 IT 사업부, 해외패션사업부, 경영기획본부 등 각 본부 채용",(주)포니링크,서울 영등포구 신입·경력 고졸↑ 정규직·계약직,Python 웹개발
PSD SW개발/Python/1~3년/제어계측전문기업,굿커리어,서울 마포구 경력 1~3년 대졸↑ 정규직,C++ C언어
도미노피자 각 부문(자회사 포함) 공개 채용,청오디피케이(주),서울 강남구 신입·경력 학력무관 정규직,Python 웹개발
㈜위즈코리아 '25년 상반기 신입/경력 사원 모집,(주)위즈코리아,서울 강서구 신입·경력 학력무관 정규직·병역특례,Python 웹개발
(삼성SDS분사社) 비젠트로㈜ 상반기 채용,비젠트로(주),경기 성남시 신입·경력 고졸↑ 정규직,Python Java
AI Agent Vision/MFC/C# Python Tensorflow CUDA yolo개발직,화랑,"충남 천안시 동남구 경력무관 초대졸↑ 정규직 2,700 만원",
다우기술 경력•신입 대규모 인재영입,(주)다우기술,경기 성남시 신입·경력 초대졸↑ 정규직,Python 웹개발
웹 개발 채용공고,(주)더존비즈온,강원 춘천시 경력무관 학력무관 정규직,Python 웹개발
2025 그린카 경력/신입 상시 모집,(주)그린카,서울 강남구 신입·경력 초대졸↑ 정규직·계약직,Python 웹개발
"프로그램 개발자 모집(Machine Vision, AI(Python), C, C#, C++)",(주)케이텍,경북 포항시 남구 경력5년↑ 초대졸↑ 정규직,AI(인공지능) SE(시스템엔지니어)
2025년 상반기 각 부문별 신입/경력 모집,(주)트리즈,경기 화성시 신입·경력 초대졸↑ 정규직,Python C++
25년 상반기 대규모 공개채용,(주)라바웨이브,서울 강남구 경력 초대졸↑ 정규직,Python 웹개발
2025년 각 부문 신입/경력 채용,(주)에스에스알,서울 구로구 신입·경력 학력무관 정규직,Python 웹개발
2025년 본사 및 관계사 채용,명화공업(주),서울 금천구 신입·경력 고졸↑ 정규직·계약직,Python 웹개발
파이썬 개발자 모집,(주)와이엔프린팅,서울 영등포구 경력무관 학력무관 정규직,Python
파이썬 활용가능 데이터 분석가 모집,이다웰(주),경북 포항시 남구 경력무관 초대졸↑ 정규직,
"[견우푸드] ERP, RPA 개발자 채용(파이썬,C#)",(주)견우푸드,경기 광주시 경력1년↑ 학력무관 정규직·계약직,Python
[경력] 파이썬 개발자 채용,(주)크랜베리,서울 금천구 경력 2~7년 대졸↑ 정규직,Python 웹개발
[플레이오] Python 백엔드(6~10),(주)지엔에이컴퍼니,서울 서초구 경력 6~10년 학력무관 정규직,Python 웹개발
파이썬 백엔드 리드,(주)샐러드랩,서울 강남구 경력 5~12년 대졸↑ 정규직,Python 웹개발
[픽셀스코프] 파이썬 시스템 엔지니어 (경력 3년 이상),(주)픽셀스코프,서울 강남구 경력3년↑ 대졸↑ 정규직,Python 백엔드/서버개발
[플레이오] Python 백엔드 (3~5),(주)지엔에이컴퍼니,서울 서초구 경력 3~5년 학력무관 정규직,Python 웹개발
S/W 개발 엔지니어(신입),(주)소테리아,경기 성남시 수정구 신입 대졸↑ 정규직,Python 웹개발
[경력AI 개발] Full stack 개발자/React/Python,(주)데이터트리,서울 금천구 경력5년↑ 대졸↑ 정규직,Python 웹개발
"Java, Python 개발 인력 채용 (경력 5년 이상)",(주)오픈링크시스템,서울 송파구 경력5년↑ 초대졸↑ 정규직,Python 백엔드/서버개발
Python 백엔드 개발자,(주)펫박스,서울 마포구 경력 3~5년 학력무관 정규직,Python 웹개발
Python 백엔드 개발자_6년~8년,(주)펫박스,서울 마포구 경력 6~8년 학력무관 정규직,Python 웹개발
Python 개발자 (백엔드 엔지니어),(주)마인드에이아이,서울 강서구 경력4년↑ 대졸↑ 정규직,AI(인공지능) 머신러닝
[HDC랩스] 2025년  전직군 신입사원 공개채용,에이치디씨랩스(주),서울 서초구 신입 대졸↑ 정규직,백엔드/서버개발 AI(인공지능)
[다나와개발본부] Backend Engineer,(주)커넥트웨이브,서울전체 신입·경력 학력무관 정규직,Python 웹개발
[AI Model팀] AI연구소 데이터 사이언티스트 정규직 채용,(주)인텔리빅스,서울 서초구 경력무관 대졸↑ 정규직,Python AI(인공지능)
[NARA SPACE] 각 부문별 직원모집,(주)나라스페이스테크놀로지,서울 영등포구 신입·경력 초대졸↑ 정규직,웹개발 백엔드/서버개발
[SGA그룹] 신입/경력 정규직 채용,에스지에이(주),경기 의왕시 신입·경력 고졸↑ 정규직,Python 웹개발
[캐시워크] 데이터분석 담당 채용전환형 인턴,넛지헬스케어(주),서울 강남구 신입 대졸↑ 인턴직,Python 머신러닝
[HDC랩스] 2025년 전직군 경력직/신입사원 채용,에이치디씨랩스(주),서울 서초구 신입·경력 초대졸↑ 정규직·계약직,
(주)견우푸드 신입/경력 정규직 채용,(주)견우푸드,경기 광주시 신입·경력 학력무관 정규직·계약직,Python
"데이터 분석(국방분야) 전문 분석관 모집(IT, 데이터 분석)",(주)심네트,서울 용산구 신입 대졸↑ 정규직·계약직,Python Java
[여의도] 당사 CX개발4부 개발자 신규 채용 MQq4,(주)트랜스코스모스코리아,서울 영등포구 신입 초대졸↑ 정규직,Python 웹개발
Python 솔루션 개발자 (경력) 모집,바탕에비뉴(주),서울 구로구 경력 3~15년 대졸↑ 정규직,AI(인공지능) 머신러닝
[중견기업/IT계열] 데이터 사이언티스트 신입/경력 모집,(주)데이타솔루션,서울 강남구 신입·경력 고졸↑ 정규직,Python AI(인공지능)
(주)버블콘 검색엔진 코어 개발자 채용 // (Python 백엔드),(주)버블콘,서울 구로구 경력4년↑ 초대졸↑ 정규직,Python
바이오 벤처 분야별 혁신 인재 채용,(주)다안바이오테라퓨틱스,서울 용산구 경력무관 석사↑ 정규직,
반도체 회로 설계 개발자 (신입),블루닷(주),서울 강남구 신입·경력 대졸↑ 정규직,Python 웹개발
2025년 상반기 신입/경력 직원 채용공고,이비티(주),경기 성남시 수정구 경력3년↑ 대졸↑ 정규직,Python C++
인프라 운영 관리( 시스템 엔지니어 ) #유연근무#정규직#선릉역,(주)메일플러그,서울 강남구 경력무관 학력무관 정규직,Python SE(시스템엔지니어)
클라우드 엔지니어 신입 채용,(주)에프엘이에스,서울 강서구 신입·경력 대졸↑ 정규직,Python 웹개발
[DB하이텍 & DB글로벌칩] 경력사원 공개채용 (4월),(주)DB하이텍,경기 부천시 신입·경력 대졸↑ 정규직,
데이터분석가 신입/경력 채용,(주)퍼플아카데미,서울전체 신입·경력 대졸↑ 정규직,Python AI(인공지능)
2025년 AI 개발자 경력직 채용,(주)이카운트,서울 강동구 경력2년↑ 학력무관 정규직,Python 백엔드/서버개발
"[81%취업] 빅데이터,AI 무료취업과정 모집!",(사)스마트인재개발원,광주 남구 경력무관 학력무관 교육생,Python 웹개발
전 부문 채용,(주)원익로보틱스,경기 성남시 분당구 신입·경력 초대졸↑ 정규직,Python C++
백엔드 개발 경력 채용,비트윈비츠,서울 서초구 경력3년↑ 고졸↑ 정규직,Python 백엔드/서버개발
[HK이노엔]_2025 상반기 콜마그룹 대졸신입 공채,에이치케이이노엔(주),전국 신입 대졸↑ 정규직·인턴직,Python AI(인공지능)
인공지능팀 AI 연구원,(주)그래디언트바이오컨버전스,서울 송파구 경력 석사↑ 정규직,Python C++
커서 Cursor/웹앱개발/빅데이터/노코드/NFT/프로젝트관리 채용,(주)겟앤쇼,제주전체 경력1년↑ 학력무관 정규직,Python 웹개발
생성형AI 활용 사이버보안 채용연계형 모집,에스케이쉴더스(주),서울전체 신입 학력무관 교육생,Python 백엔드/서버개발
[한화에어로스페이스 스마트 국방 데이터분석과정 교육생모집] 교육 후 채용연계까지 진행,에이콘아카데미 홍대학원,서울 서대문구 경력무관 학력무관 교육생,Python 백엔드/서버개발
LSP 신입/경력 채용,(주)라이프스타일프로젝트,서울 강남구 신입·경력 학력무관 정규직,Python 웹개발
AI 플랫폼 및 서비스 개발자 구인,(주)두다지,서울 관악구 신입·경력 대졸↑ 정규직,Python 웹개발
2025년도 분야별 인원모집,유비벨록스(주),서울 구로구 신입·경력 초대졸↑ 정규직,웹개발 백엔드/서버개발
백엔드 개발자 경력 채용,(주)씨에스엠17,"서울 금천구 경력5년↑ 대졸↑ 정규직 7,000 만원",Python 웹개발
(주)리스큐어바이오사이언시스 상반기 공개채용,(주)리스큐어바이오사이언시스,경기 성남시 경력 대졸↑ 정규직,Python 빅데이터
바이오인포매틱스 분석 신입사원 모집,(주)어큐진,인천 연수구 경력무관 대졸↑ 정규직,Python 머신러닝
저작권 보호 서비스 개발  및 운영,(주)두다지,서울 관악구 신입·경력 대졸↑ 정규직,Python 웹개발
2025년도 상반기 공개채용(R&D),(주)드림시큐리티,서울 성동구 경력3년↑ 초대졸↑ 정규직,Python 백엔드/서버개발
[썸에이지] 시스템 엔지니어(SE) 모집,(주)썸에이지,서울 강남구 경력3년↑ 학력무관 정규직,Python SE(시스템엔지니어)
[주4.5일 근무] 데이터 분석 및 기획자 채용,(주)인라이플,서울 구로구 경력 2~8년 학력무관 정규직,Python
SoC Design Engineer,(주)모빌린트,서울 강남구 신입·경력 대졸↑ 정규직,Python 웹개발
"[이너웨이브] 기술연구소 - AI서비스 개발자 채용(신입, 경력)",(주)이너웨이브,서울 강남구 신입·경력 초대졸↑ 정규직,Python AI(인공지능)
[광교] 기술연구소 반도체 시험지원 인턴 모집,큐알티(주),경기 수원시 영통구 경력무관 학력무관 인턴직,Python
레이더 펌웨어(F/W) 개발 경력/신입 채용,주식회사 에이유,경기 군포시 신입·경력 대졸↑ 정규직·계약직,Python C언어
엔씨소프트 전 부문 수시 채용,(주)엔씨소프트,경기 성남시 분당구 신입·경력 학력무관 정규직,Python 백엔드/서버개발
[S/W] (주)대건소프트 개발자 신입/경력사원 채용,(주)대건소프트,대전 유성구 신입·경력 초대졸↑ 정규직,Python 웹개발
[보안AI사업본부] Python 백엔드 개발자 모집,(주)딥노이드,서울 구로구 경력3년↑ 대졸↑ 정규직,Python 백엔드/서버개발
(주)에이비스 AI 연구원 신입 / 경력 정규직 채용,(주)에이비스,서울 강남구 신입·경력 학력무관 정규직·인턴직,Python AI(인공지능)
[AI SaaS 기업] 인공지능 R&D 연구원 모집,(주)퀀텀에이아이,서울 중구 경력무관 대졸↑ 정규직,Python AI(인공지능)
"폴리인스퍼레이션 채용 (IT, PIVOT)",(주)폴리인스퍼레이션,서울 송파구 신입·경력 학력무관 정규직,Python 백엔드/서버개발
데이터수집·분석엔지니어(신입/경력)(중국어가능자우대),(주)데이터디자인엔지니어링,서울 구로구 신입·경력 대졸↑ 정규직,Python 웹개발
IT운영,(주)유비퍼스트대원,서울전체 경력 3~10년 학력무관 정규직,Python 웹개발
언어모델 딥러닝 개발자 (신입),(주)포지큐브,서울 강남구 신입·경력 대졸↑ 정규직,Python AI(인공지능)
에이엠㈜ 신입/경력 채용 모집,에이엠(주),경기 과천시 신입·경력 대졸↑ 정규직,Python 웹개발
(주)보라티알 IT담당자 모집,(주)보라티알,서울 강남구 신입·경력 초대졸↑ 정규직,Python Java
Senior Software Engineer 채용,듀폰스페셜티머터리얼스코리아(유),충남 천안시 경력 대졸↑ 정규직,Python 백엔드/서버개발
Embeded System SW 엔지니어,(주)보스반도체,경기전체 신입·경력 대졸↑ 정규직,Python 웹개발
[수산그룹]수산INT 개발직군 채용(신입/경력/병역특례),(주)수산아이앤티,서울 강남구 신입·경력 대졸↑ 정규직·병역특례,웹개발 백엔드/서버개발
Data 엔지니어 - Junior  (대전 근무),(주)시스트란,대전전체 신입·경력 대졸↑ 정규직,Python 웹개발
AI 개발자 [경력],(주)팜팜,서울 서초구 신입·경력 대졸↑ 정규직,Python 웹개발
2025년 각 부문 상반기 채용,(주)대일시스템,경기 용인시 처인구 경력무관 고졸↑ 정규직,
데스크탑 앱 개발자,(주)클레,서울 성동구 신입·경력 대졸↑ 정규직,Python C++
[㈜파블로항공] 군집드론 AI/ML 시스템 개발 경력직 모집,(주)파블로항공,대전 유성구 경력3년↑ 대졸↑ 정규직·계약직,Python C++
[메타엠]기업부설연구소 AICC 개발실 개발자 채용,(주)메타엠,서울 중구 경력무관 학력무관 정규직,Python 웹개발
[SM하이플러스] 경력직 채용,에스엠하이플러스(주),서울 강서구 경력5년↑ 대졸↑ 정규직,Python
DDD팀 소프트웨어 [신입] 개발자 채용,(주)비아,전북 전주시 덕진구 신입 학력무관 정규직,Python 백엔드/서버개발
부산대 K-디지털 트레이닝 SW코딩 취업무료교육 상시모집,부산대학교지능물류빅데이터연구소,부산 금정구 경력무관 학력무관 교육생,Python 웹개발
Tech - Software Engineer(LLM/Diffusion API Pipeline & Prompt Engineering),(주)벙커키즈,서울 서초구 경력 1~10년 학력무관 정규직,Python 웹개발
데이터 엔지니어 채용,메가존클라우드(주),서울 강남구 경력무관 학력무관 정규직,Python C++
"[AI플랫폼] AI모델, 임베디드, FW, 클라우드 시스템 개발",(주)인티그리트,서울 강남구 경력무관 학력무관 정규직,Python C++
스마트 물류 IT솔루션 신입 개발자,(주)알티올,인천 연수구 신입 초대졸↑,Python Java
14기 모집 (대졸자도 마이스터고졸자도 지원가능),삼성 청년 SW·AI 아카데미,서울 강남구 경력무관 고졸↑ 교육생,Python 백엔드/서버개발
[코스닥 상장사] 2025년 이에이트 부문별 채용,이에이트(주),서울 송파구 경력 학력무관 정규직·계약직,Python 백엔드/서버개발
데브옵스 엔지니어 채용,망고클라우드(주),부산 북구 신입·경력 대졸↑ 정규직,Python 백엔드/서버개발
단백질 서열 및 구조 생성 모델 연구자,(주)에이인비,경기 과천시 신입·경력 대졸↑ 정규직,Python AI(인공지능)
[경력] Back-end 개발자 채용(내일채움공제가능),(주)시큐리온,서울 송파구 경력1년↑ 초대졸↑ 정규직,Python 백엔드/서버개발
[굳센] BA 개발자 채용,굳센,서울 강서구 경력무관 학력무관 정규직,Python 백엔드/서버개발
[신입] 로봇엔지니어 / Robotics Engineer 채용,(주)데이터디자인엔지니어링,서울 구로구 신입 고졸↑ 정규직,Python AI(인공지능)
데이터 사이언티스트,미래에셋생명보험(주),서울 영등포구 경력 5~15년 대졸↑ 정규직,Python AI(인공지능)
백엔드 개발자,스페이스맵(주),서울 성동구 신입·경력 대졸↑ 정규직,Python 웹개발
[Hi:us]연료전지 시스템 개발자(신입/경력) 채용,(주)하이어스,"울산 남구 경력무관 대졸↑ 정규직 3,600 만원",Python
2025년 자이온 솔루션 엔지니어 채용,주식회사 자이온,서울 강남구 신입·경력 학력무관 정규직,Python SE(시스템엔지니어)
[사업확장/주5일] 피부성형외과 CRM 관리 및 운영 개발자 채용,(주)피알피생명과학,서울 강남구 경력 학력무관 정규직,Python 웹개발
AWS기반의 데이터 웨어하우스 개발자 구인,(주)피비스,서울 강남구 경력무관 학력무관 정규직,Python 백엔드/서버개발
AI서비스개발자(경력7~9년),(주)아이스크림아트,서울 강남구 경력 7~9년 대졸↑ 정규직,Python 웹개발
Data Engineer (상주 인턴),(주)에스투더블유,경기전체 신입·경력 초대졸↑ 정규직,Python 웹개발
Back-end 개발자 채용,(주)휴런,서울전체 경력 5~15년 학력무관 정규직,Python 웹개발
휴머노이드 Embodied AI / 로봇 SW 엔지니어 채용,(주)투모로 로보틱스,서울 강남구 경력무관 대졸↑ 정규직,Python 머신러닝
파이썬(Python)  개발자 모집중,주식회사비전코어,"대구 동구 경력3년↑ 초대졸↑ 정규직 4,500 만원",Python
AI연구팀장 경력7~9년,(주)아이스크림아트,서울 강남구 경력 7~9년 학력무관 정규직,Python 웹개발
"[도쿄근무]백엔드,서버 주니어 개발자 모집(일본어 필수)",이이넥서스,일본 경력무관 초대졸↑ 정규직·계약직,Python 웹개발
"AI 개발(Python), 데이터분석 및 사업 기획 모집",(주)마크클라우드,서울 강남구 신입·경력 대졸↑ 정규직,머신러닝 빅데이터
"풀스택 / AI 엔지니어 채용 (대성학원, 이투스 납품 문항출제AI)",주식회사아드바크,서울 관악구 경력무관 학력무관 계약직,Python 백엔드/서버개발
임베디드 S/W개발 신입·경력 채용,(주)아이삭,경기 수원시 영통구 경력무관 학력무관 정규직,Python C++
"AI 개발(Python), 데이터분석 및 사업 기획 인턴 모집",(주)마크클라우드,서울 강남구 경력무관 대졸↑ 인턴직,머신러닝 빅데이터
드론 소프트웨어 개발자,(주)우라누스,서울 강동구 경력무관 대졸↑ 정규직,Python 백엔드/서버개발
[재택근무] REACT · PHP · PYTHON 개발자 모집,행복쇼핑(주),서울 양천구 경력3년↑ 초대졸↑ 정규직,Python 웹개발
[신입 퀀트] 금융 데이터 분석가,(주)지엔이테크홀딩스,"서울 영등포구 신입·경력 대졸↑ 정규직 3,600 만원",Python AI(인공지능)
"S/W개발( C#, Python ) 신입 채용",피에스아이플러스 주식회사,"경기 수원시 영통구 신입 초대졸↑ 정규직 3,850 만원",Python Java
Python Back-end Enginner,올거나이즈코리아(주),서울 강남구 경력 2~5년 학력무관 정규직,Python 웹개발
ROS 기반 UGV 개발자 모집 (Python 외),(주)키네틱스,대전 유성구 경력무관 대졸↑ 정규직,Python
닥터마크와 함께 상표의 미래를 혁신할 개발자를 찾습니다,닥터마크,서울 종로구 경력무관 학력무관 정규직,웹개발 빅데이터
(역삼동 근무) Python 백엔드 개발자 모집 - AI개발 경력자 우대,(주)씨피에스테크,서울 강남구 경력2년↑ 대졸↑ 정규직·계약직,Python 백엔드/서버개발
데이터분석/Python/JAVA/SAS 인재 채용,(주)그루넷,서울 강남구 신입·경력 대졸↑ 정규직,Python 빅데이터
"IoT 웹서비스 개발 (풀스택, 신입/5년이하)",지디아이솔루션(주),서울 강서구 경력무관 대졸↑ 정규직,Python 웹개발
생성형 AI 데이터사이언티스트,(주)애자일소다,서울 강남구 신입·경력 대졸↑ 정규직,Python AI(인공지능)
Python 응용 프로그램 개발자 모집 공고(경력),(주)에이오팜,경기 성남시 분당구 경력2년↑ 대졸↑ 정규직,Python AI(인공지능)
소프트웨어 개발자님을 모십니다.,(주)탑테이블,서울 마포구 경력 1~10년 대졸↑ 정규직,Python 웹개발
파이썬(Python) 기반의 풀스택 개발자 모십니다.,(주)케이엘피,서울 강남구 경력무관 고졸↑ 정규직·계약직,Python 백엔드/서버개발
데이터 엔지니어,(주)북아이피스,서울 서초구 신입·경력 학력무관 정규직,Python 웹개발
python 에이전트 개발자,다큐브(주),서울전체 경력 1~10년 학력무관 정규직,Python 웹개발
B2B S/W서비스운영개발,(주)법틀,서울 성동구 경력 3~7년 학력무관 정규직,Python 웹개발
"Java, Python,CMS 웹응용프로그램 개발자 모집",디엔아이솔루션(주),부산 해운대구 경력3년↑ 대졸↑ 정규직,웹개발
금융/NL2SQL 데이터 사이언티스트,다큐브(주),서울전체 신입·경력 학력무관 정규직,Python AI(인공지능)
"Java, Python,CMS 웹응용프로그램 개발자 모집",부산인터넷방송국,부산 부산진구 경력3년↑ 초대졸↑ 정규직,Python 웹개발
연구과제참여 - 머신/딥러닝 기반 의료영상분석 채용 공고,서울대학교병원,서울 종로구 신입·경력 대졸↑ 계약직,Python AI(인공지능)
[외국계IT기업] 기술지원 시스템 엔지니어,(주)잡고릴라,대전 서구 신입·경력 학력무관 정규직,Python AI(인공지능)
"[경기/안산/시흥/인천] 국비지원 교육연수생 모집(취업연수안내) / 풀스택 개발자(프론트엔드&백엔드), 빅데이터 분석 기획&시각화, UI/UX 웹/앱 디자인(웹퍼블리셔, 프론트엔드), 메타버스 모션그래픽(VR, CG), 건축 인테리어(3D, CG, VR)",라인컴퓨터아트학원,경기 안산시 단원구 신입·경력 고졸↑ 교육생,Python 웹개발
"[개발팀] 서비스 개발(Back-end, python)",오아(주),서울 서초구 경력 2~8년 학력무관 정규직·계약직,Python 웹개발
[Tech] 채용연계형 인턴십(AI 개발),(주)케이뱅크,서울 중구 경력무관 대졸↑ 정규직·인턴직,Python AI(인공지능)
[모햇/솔라온케어] 분산 자원 데이터 분석 전문가,(주)에이치에너지,서울 강남구 경력무관 석사↑ 정규직,Python 빅데이터
생성형 AI 빅데이터 마케팅 플랫폼 데이터엔지니어(python)채용,(주)빅링크에이아이,서울 강남구 신입·경력 학력무관 정규직,Python C++
[대기업/여의도]나이스평가정보 통계분석 팀원 공개채용,(주)티오에스코리아,서울 영등포구 경력무관 초대졸↑ 파견직,Python 빅데이터
(주)버블콘 Python 개발자(신입) 채용,(주)버블콘,서울 중구 신입 학력무관 정규직,Python
AI 에이전트 핵심 개발자,(주)싸이버로지텍,서울 마포구 경력3년↑ 고졸↑ 정규직·계약직,Python 백엔드/서버개발
[망고카] Python 웹개발자 (신입/경력) 채용,망고카(주),서울 영등포구 신입·경력 학력무관 정규직,Python
풀스택 개발자 경력사원 채용,(주)뮤직플랫,서울 구로구 경력5년↑ 대졸↑ 정규직,Python 웹개발
기술영업 및 기술지원 신입·경력사원 모집,(주)테크웨이즈,경기 용인시 수지구 신입·경력 초대졸↑ 정규직,Python
인프라 경력사원 채용 (9년↑),주식회사 테크핀레이팅스,서울 중구 경력 9~20년 학력무관 정규직,Python 웹개발
[(자사)보안솔루션 S/W개발자] DLP/Java/C#/Python,(주)키스템프그룹,서울 구로구 경력5년↑ 초대졸↑ 정규직,Python 웹개발
[국내 TOP7 로펌 - 법무법인YK] IT 개발자 경력 채용,법무법인와이케이,서울 강남구 신입·경력 초대졸↑ 정규직,Python 백엔드/서버개발
[굳센] 백엔드 개발자 채용,굳센,서울 강서구 경력1년↑ 학력무관 정규직,Python 백엔드/서버개발
[스타랩스]  Web개발 경력자 채용,주식회사 스타랩스,서울 강남구 신입·경력 초대졸↑ 정규직,Python 웹개발
열정 가득한 풀스택[Full-Stack] 개발자  모집,(주)넥스트코어테크놀로지,서울 송파구 경력무관 초대졸↑ 정규직,Python 웹개발
[상상스토리(주)] 신입개발자 추가 채용 공고,상상스토리(주),서울 구로구 신입 대졸↑ 계약직,Python 웹개발
[신입/경력] 시스템 / 웹 개발,포인트아이(주),서울 강남구 신입·경력 대졸↑ 정규직,Python 백엔드/서버개발
프론트엔드 개발자 (React / Next.js / Python),예진(주),서울 송파구 경력2년↑ 대졸↑ 정규직,Python AI(인공지능)
[의료정보SW] AI Engineer(LLM/예측모델개발/Python/ML/DL),(주)키스템프그룹,서울 중구 경력10년↑ 박사 정규직,Python 백엔드/서버개발
[데이트팝] Python 백엔드 개발자,(주)텐핑거스,서울 서초구 신입·경력 학력무관 정규직,Python 웹개발
[솔루션] 백엔드 개발자 모집(python),조베이스(주),서울 강남구 경력무관 대졸↑ 정규직,Python 백엔드/서버개발
이커머스 솔루션 Python Backend (백엔드)리드급 채용,(주)샐러드랩,서울 강남구 경력 5~12년 대졸↑ 정규직,백엔드/서버개발
[Catalyst] 생성형 AI Python Fullstack 개발자,콘센트릭스서비스코리아(유),서울 강남구 경력5년↑ 학력무관 정규직,웹개발 백엔드/서버개발
[KSTEC] Python 시스템 개발 신입사원 채용,지식시스템㈜ KSTEC Inc.,경기 성남시 분당구 신입 대졸↑ 정규직,Python AI(인공지능)
[웹개발] Python React AI 개발자 모집,(주)리안,서울 금천구 경력무관 대졸↑ 정규직,웹개발 AI(인공지능)
[신입] Python 개발자,(주)에피넷,경기전체 신입·경력 대졸↑ 정규직,Python 웹개발
"AI, 인공지능, 파이썬 개발자 모집(경력자 우대)",와프（WAFF）,경남 창원시 경력무관 학력무관 정규직,Python AI(인공지능)
마켓빌리 JAVA / DBA / TA / AA / PYTHON Recruitment,플러거,서울 구로구 경력무관 학력무관 정규직·계약직,Python Java
[덱스터크레마/경력] Python 개발자 채용,(주)덱스터크레마,서울 강남구 경력 3~5년 학력무관 정규직,웹개발
2025년 상반기 부문별 채용,나이스인베스팅(주),서울 영등포구 경력 대졸↑ 정규직,Python 웹개발
Python 개발자 채용,(주)엠클라우독,서울 강남구 경력1년↑ 초대졸↑ 정규직,Python Java
㈜푸드테크 상반기 신입/경력 전부문 채용,(주)푸드테크,서울 강남구 신입·경력 초대졸↑ 정규직,Python 웹개발
[Python] 엔지엘 기업부설연구소 AI 개발자 모집,엔지엘㈜,부산 동구 경력무관 대졸↑ 정규직,Python 웹개발
[넥스트칩] 2025년 4월 각 부문 모집,(주)넥스트칩,경기 성남시 분당구 신입·경력 대졸↑ 정규직,Python C++
[트랜스코스모스] 당사 CX개발1부 RPA프로세스 개발 담당 Ms9J,(주)트랜스코스모스코리아,"서울 영등포구 신입 대졸↑ 정규직 3,100 만원",Python 웹개발
㈜월덱스 각 부문 신입/경력 공개채용,(주)월덱스,경북 구미시 신입·경력 초대졸↑ 정규직,Python 웹개발
2025 DT 제조혁신 양성과정 모집,삼성중공업(주),경남 거제시 경력무관 초대졸↑ 교육생,Python 웹개발
"[현대차1차사/외국계] SW엔지니어(PM),부품 PM,구매 등",한국보그워너티에스(유),충북 음성군 경력 대졸↑ 정규직,Python C언어
"소프트웨어 개발자 (C, C#, Python 등)",(주)엔엔에프텍,대전 유성구 신입 고졸↑ 정규직,C언어
Backend Junior Engineer(PHP/Python),(주)코비그룹,서울 강남구 신입·경력 초대졸↑ 정규직,Python 웹개발
Software Engineer (Back-End),(주)부스터스,서울 강남구 경력 2~5년 대졸↑ 정규직,Python 웹개발
(세종시) 정규직 신규 개발자 모집,디엠씨소프트,세종특별자치시 경력무관 학력무관 정규직,Python AI(인공지능)
"웹개발자(Java Script, Vue,python, node.js) 개발자 채용",코이노,서울 강서구 경력3년↑ 대졸↑ 정규직,웹개발 백엔드/서버개발
"Python 개발자/ 자연어처리(NLP), 머신러닝, 딥러닝 개발자 모집",켐아이넷(주),서울 양천구 신입 대졸↑ 정규직,Python 머신러닝
Machine Vision  영상처리 개발자 모집,(주)코눈,서울 금천구 경력무관 대졸↑ 정규직,Python C++
Python 솔루션 개발자 채용,바탕에비뉴(주),서울 금천구 경력 대졸↑ 정규직,Python AI(인공지능)
backend (python) 개발자,(주)씨메스,서울 강남구 경력 3~5년 대졸↑ 정규직,Python 웹개발
[의료영상부문/DX사업본부] Python 개발자 모집,(주)딥노이드,서울 구로구 경력 3~10년 학력무관 정규직,Python
[판교] SW개발 연구원 경력 채용(경력 9년 이상),(주)에이텍아이오티,경기 성남시 분당구 경력9년↑ 대졸↑ 정규직,Python 웹개발
[정규직/상장사/복지우수] 네트워크 엔지니어 채용,(주)사람인에이치에스,서울 구로구 경력1년↑ 학력무관 정규직,Python SE(시스템엔지니어)
(주)이오테크닉스 개발자 모집 (SW),이오테크닉스,경기 안양시 동안구 신입·경력 학력무관 정규직,Python C++
[정규직/제조업상장/기숙사] 반도체/Display 장비 제어 엔지니어,(주)사람인에이치에스,경기 용인시 기흥구 경력4년↑ 대졸↑ 정규직,Python 웹개발
스쿨버스 백엔드 개발자 / 플로터 Flutter 개발자(경력1년이상),(주)스쿨버스,서울 강서구 경력 학력무관 정규직·기간제,Python 웹개발
(주)그림 머신비전 SW 소프트웨어 개발자(C++/MFC) 채용,(주)그림,경기 광명시 경력무관 학력무관 정규직·계약직,Python C++
[25년 상반기 전환형 인턴] iOS/Android/백엔드 개발자 채용,(주)비모소프트,경기 안양시 동안구 경력무관 대졸↑ 인턴직,Python 백엔드/서버개발
(주)이오테크닉스 개발자 모집 (AI분야),이오테크닉스,경기 안양시 동안구 경력5년↑ 대졸↑ 정규직,Python C++
웹 백엔드 개발 담당 - 경력 7년 이하,(주)셀바스에이아이,서울 금천구 경력7년↓ 대졸↑ 정규직,Python 웹개발
[SOOP] MSSQL DBA,(주)숲,경기 성남시 분당구 경력3년↑ 학력무관 정규직,Python 빅데이터
모바일 결제 솔루션 개발자 신입/경력 채용,(주)포인트모바일,서울 금천구 신입·경력 대졸↑ 정규직,Python C++
"System 개발 (FW, SW, 영상처리)",(주)바텍,경기 화성시 경력무관 대졸↑ 정규직,Python C++
[상상스토리] 공공기관 시스템 개발/유지보수 경력개발자 채용,상상스토리(주),서울 구로구 경력 2~6년 초대졸↑ 계약직,Python 웹개발
[이노그리드] 클라우드 연구센터 채용,(주)이노그리드,서울 중구 신입·경력 학력무관 정규직,Python C++
[특수목적용 전문서비스 로봇 강소기업] 전략기획실 경력직 채용,(주)로보아이,"대구 수성구 신입·경력 대졸↑ 정규직 3,200 만원",Python C++
[여의도/자체직/최대323만] 한국평가데이터 데이터 분석 및 가공,에이스휴먼파워(주),서울 영등포구 경력 대졸↑ 계약직 323 만원,Python 웹개발
앱/소프트웨어 개발자 경력 모집.,(주)에스엠메이커스,경기 부천시 경력 고졸↑ 정규직,Python 웹개발
[신입] 모바일 RTS 클라이언트 & 서버/MMORPG 클라이언트 & 서버,(주)이스트게임즈,"서울 서초구 신입 학력무관 정규직 4,584 만원",Python 웹개발
(주)솔리드이엔지 Cloud - 클라우드 기술 신입 및 경력 모집,(주)솔리드이엔지,대전 유성구 경력무관 학력무관 정규직,Python Java
[SK] SK온 Data Scientist 경력사원 채용,에스케이온(주),서울전체 경력2년↑ 대졸↑ 정규직,Python AI(인공지능)
[MDS인텔리전스] 소프트웨어 솔루션 엔지니어 정규직 채용,(주)엠디에스인텔리전스,경기 성남시 분당구 신입·경력 대졸↑ 정규직,Python C++
[여의도/자체직전환/성과급多]나이스평가정보 데이터 통계분석,(주)메이크인,"서울 영등포구 경력무관 초대졸↑ 계약직·파견직 3,000 만원",Python 빅데이터
﻿음향/신호처리 엔지니어채용[신입],(주)에스엠인스트루먼트,대전 유성구 신입 대졸↑ 정규직,Python C++
[넛지헬스케어] 백엔드개발 채용전환형 인턴,넛지헬스케어(주),서울 강남구 신입 학력무관 인턴직,Python 웹개발
(주)케이드라이브 데이터파트 담당자 채용,(주)케이드라이브,서울 영등포구 경력무관 고졸↑ 정규직,Python
국방무기효과 연구원(용산) 모집,(주)심네트,서울 용산구 신입 대졸↑ 정규직·계약직,Python Java
제이씨현시스템(주) AI연구소 경력 개발자 모집,제이씨현시스템㈜,서울 용산구 경력 1~5년 대졸↑ 정규직,Python 백엔드/서버개발
[HK이노엔]_2025 상반기 콜마그룹 대졸신입 공채(IT전략/기획),에이치케이이노엔(주),경기 성남시 수정구 신입 대졸↑ 정규직·인턴직,Python AI(인공지능)
(주)한맥아이피에스 연구개발부 (응용프로그래머)채용공고,(주)한맥아이피에스,대구 수성구 경력무관 학력무관 정규직,Python 딥러닝
[신입/경력] 플랫폼 개발 / SI 개발 채용,컨트롤에프(주),대전 유성구 경력 3~15년 고졸↑ 정규직,Python 웹개발
[HK이노엔]_2025 상반기 콜마그룹 대졸신입 공채(임상통계),에이치케이이노엔(주),경기 성남시 수정구 신입 대졸↑ 정규직·인턴직,Python SE(시스템엔지니어)
"LED전광판 기업부설연구소 연구원 정규직 모집(신입, 경력)",포스텍네트웍스(주),서울 금천구 경력무관 초대졸↑ 정규직,Python C++
[연구소] 안드로이드 어플리케이션 개발 분야  채용중,(주)엠넥스,경기 안양시 동안구 신입·경력 초대졸↑ 정규직,Python Java
[아이나비시스템즈] 아이나비 소프트웨어 QA 담당 (신입/경력),(주)아이나비시스템즈,경기 성남시 분당구 신입·경력 대졸↑ 정규직,Python
S/W 개발 엔지니어(책임~수석),(주)소테리아,경기 성남시 수정구 경력8년↑ 대졸↑ 정규직,Python 웹개발
"[자율출근제]백엔드 경력(typescript, nodejs, MySQL) 채용",(주)오너클랜,서울 서초구 경력 1~9년 대졸↑ 정규직·계약직,Python 웹개발
웹프로그래머 채용,(주)셀메이트,서울 마포구 경력무관 고졸↑ 정규직,Python 웹개발
[망고카] 프론트엔드 개발(신입/경력) 채용,망고카(주),서울 영등포구 신입·경력 학력무관 정규직,Python 웹개발
[인바이츠생태계] Bioinformatics scientist 채용의 건,씨지인바이츠(주),서울 강서구 경력 5~12년 석사↑ 정규직,Python
정보 보안 엔지니어,(주)이스트게임즈,"서울 서초구 경력무관 학력무관 정규직 4,104 만원",Python
[뉴로메카] 소프트웨어 개발자 채용,(주)뉴로메카,서울 성동구 경력무관 대졸↑ 정규직·계약직,Python 백엔드/서버개발
"성실, 배움의 의지있는 신입 S/W개발자 모집합니다(자동차 전장)",(주)모비핀테크놀러지,서울 강남구 경력무관 초대졸↑ 정규직,Python C++
[JB금융지주] 글로벌 인재 채용 (외국인 대상),(주)JB금융지주,서울 영등포구 신입·경력 대졸↑ 계약직,Python 머신러닝
[BKR(버거킹)] BI/데이터엔지니어(일본어必),(주)키스템프그룹,서울 종로구 경력3년↑ 대졸↑ 정규직,Python AI(인공지능)
SOC 경력 정규직 채용,에스엔에프코리아(주),서울 중구 경력 2~12년 대졸↑ 정규직,Python 백엔드/서버개발
[Coupang] IT Collaboration Engineer(협업 시스템 운영/자동화),리드커리어(주),"서울 강남구 경력3년↑ 학력무관 계약직·파견직 6,000 만원",Python SE(시스템엔지니어)
AI영상처리&머신비전 알고리즘,렉스젠(주),경기 안양시 신입·경력 초대졸↑ 정규직,Python C++
[신입] 신용평가/금융데이터분석 컨설팅 인재 채용,(주)케이에스씨앤씨,서울 영등포구 신입 대졸↑ 정규직,Python
부설연구소 양팔로봇 SW개발 및 CS인력,(주)레인보우로보틱스,대전 유성구 신입·경력 대졸↑ 정규직,Python C++
AI 엔지니어 및 서비스 개발자 채용 공고,(주)더존비즈온,서울 중구 경력무관 학력무관 정규직,Python 웹개발
[역삼/의료AI솔루션개발] 스타트업 QA Engineer 정규직 채용,(주)사람인에이치에스,서울 강남구 경력1년↑ 대졸↑ 정규직,Python AI(인공지능)
(주)리얼웹  AI및Data Engineer (경력/신입) 모집,(주)리얼웹,서울 강남구 신입 학력무관 정규직,Python
"[백엔드] 인프라 백엔드 개발자 채용 (신규, 경력 무관)",(주)에스비정보기술,경기 의왕시 경력무관 대졸↑ 정규직,Python 백엔드/서버개발
[정규직/상장사/기숙사제공] 반도체기업 RF TEST엔지니어 채용,(주)사람인에이치에스,충남 천안시 서북구 경력4년↑ 대졸↑ 정규직,Python C언어
CAD시스템 DB관리/개발자 계약직 채용,(주)현대리바트,서울 강남구 경력무관 초대졸↑ 계약직,Python Java
연구소 Vision AI Application 개발자 모집,(주)누리콘,경기 성남시 분당구 경력무관 초대졸↑ 정규직,Python C++
[SOOP] 데이터 분석 및 지표 설계,(주)숲,경기 성남시 분당구 경력 3~10년 학력무관 정규직,Python 빅데이터
[슈어소프트테크] 2025 신입 / 경력 채용,슈어소프트테크(주),경기 성남시 수정구 신입·경력 초대졸↑ 정규직,Python 웹개발
"Vision SW개발, 광학 시스템 엔지니어 채용 (신입/경력)",(주)에이치비테크놀러지,경기 성남시 분당구 경력무관 대졸↑ 정규직,Python C++
머신러닝(AI/ML) 엔지니어,(주)드림어스컴퍼니,서울 서초구 신입·경력 대졸↑ 정규직,Python AI(인공지능)
(주)인스케이프 AI비전 및 S/W개발본부 신입/경력 인재 채용,(주)인스케이프,경기 용인시 기흥구 경력무관 학력무관 정규직,Python C++
기업부설연구소 보행 로봇 SW연구 인력,(주)레인보우로보틱스,대전 유성구 신입·경력 대졸↑ 정규직,Python C++
[신입/경력] 소프트웨어(SW) 우수인재 모집,(주)제노레이,서울 강남구 신입·경력 대졸↑ 정규직,Python C++
아남전자(주) 시스템 및 전산업무 담당자 모집,아남전자(주),서울 구로구 경력10년↑ 초대졸↑ 정규직,Python SE(시스템엔지니어)
데이터 분석 플랫폼 개발자(경력 6~10년),(주)엠로,서울전체 경력 6~10년 대졸↑ 정규직,Python 웹개발
통합보안관리 엔지니어(신입),(주)이너버스,서울전체 신입·경력 초대졸↑ 정규직,Python 웹개발
[시스템팀] IDC 시스템 엔지니어 모집,카페24(주),서울 양천구 경력무관 학력무관 정규직,Python SE(시스템엔지니어)
로데슈바르즈코리아 R&D 소프트웨어 개발자 신입/경력직(서울),로데슈바르즈코리아(주),서울 강남구 신입·경력 대졸↑ 정규직,Python C++
(주)우보재난시스템 기술연구소 풀스택(Full-Stack) 개발자 모집,(주)우보재난시스템,경기 성남시 중원구 경력10년↑ 대졸↑ 정규직·계약직,Python 백엔드/서버개발
AI 및 머신러닝 연구원 (정규직),(주)씽크풀,서울 영등포구 경력무관 대졸↑ 정규직,Python AI(인공지능)
[HDC랩스] 리서치팀 부동산데이터구축 및 분석 부문 경력직 채용,에이치디씨랩스(주),서울 서초구 경력1년↑ 대졸↑ 정규직,Python
AI 개발자 채용,(주)위즈코리아,서울 강서구 신입·경력 학력무관 정규직,Python 웹개발
포탈 웹사이트 Back-end 개발자 경력직,(주)아이디에스앤트러스트,서울 강남구 경력 3~12년 대졸↑ 정규직,Python 웹개발
[클루커스] AWS Solution Engineer (신입) 모집,(주)클루커스,서울 강남구 신입 학력무관 정규직,Python 빅데이터
인프라 IDC 운영 관리 #유연근무#정규직#선릉역,(주)메일플러그,서울 강남구 경력무관 학력무관 정규직,Python SE(시스템엔지니어)
(주)덱스터스튜디오 R&D 연구소 채용,(주)덱스터스튜디오,서울 마포구 경력무관 학력무관 정규직,Python C++
IT/AI부문(전문연구요원 포함) 채용,(주)연합인포맥스,서울 종로구 신입·경력 대졸↑ 정규직,Python 웹개발
SE(시스템 엔지니어) 담당자 신입/경력 채용,(주)다하미커뮤니케이션즈,서울 중구 경력무관 대졸↑ 정규직,Python SE(시스템엔지니어)
소프트웨어 엔지니어 (신입/경력),(주)에이스웍스코리아,서울 강남구 신입·경력 초대졸↑ 정규직,Python C++
[스타랩스] 웹개발자 초/중/고/특급 채용,주식회사 스타랩스,서울 강남구 경력 초대졸↑ 정규직·프리랜서,Python 웹개발
R&D 신입/경력/석사 채용,(주)윤성에프앤씨,경기 안성시 신입·경력 대졸↑ 정규직,
벤츠 공식딜러 HS효성더클래스(주) IT 경력직 모집,에이치에스효성더클래스(주),서울 강남구 경력 8~12년 대졸↑ 정규직,Python 웹개발
서울대학교병원 AI/데이터사이언스 연구원 및 대학원생 채용,서울대학교병원,서울 종로구 경력무관 대졸↑ 계약직,AI(인공지능) 머신러닝
[웹개발] 개발자 신입/경력 채용,(주)공간인소프트,서울 강서구 경력무관 초대졸↑ 정규직,웹개발 Java
[빅데이터] 데이터 분석가 신입 및 경력직 모집,(주)봄마루,서울 서초구 신입·경력 학력무관 정규직,웹개발 빅데이터
"㈜위즈코리아 SE(시스템 엔지니어), PM 채용",(주)위즈코리아,서울 강서구 신입·경력 학력무관 정규직·병역특례,웹개발 백엔드/서버개발
서비스 운영 개발자 (Service Operation Engineer) 채용,주식회사 로프트아일랜드,"서울 송파구 경력무관 학력무관 정규직 3,200 만원",웹개발
"2025 KINX 채용연계형 인턴, 경력 채용",(주)케이아이엔엑스,경기 과천시 신입·경력 대졸↑ 정규직·인턴직,백엔드/서버개발
[제이시스메디칼] 각 부문 신입/경력 채용,(주)제이시스메디칼,서울 금천구 신입·경력 고졸↑ 정규직,C++ C언어
주니어 백엔드 개발 ( 신입 ~ 3년 이하),스페이스맵(주),서울 성동구 신입·경력 대졸↑ 정규직,백엔드/서버개발
[디지털프레소] Data관리 SaaS 개발자 채용  - 초기 멤버 구인,(주)디지털프레소,서울 강남구 경력무관 대졸↑ 계약직,웹개발 백엔드/서버개발
(주)송현홀딩스 IT혁신실(천안) 신입사원 채용,(주)송현홀딩스,충남 천안시 서북구 신입 초대졸↑ 정규직,웹개발 SE(시스템엔지니어)
[피앤피시큐어] 연구개발 부문(소프트웨어 연구 개발 직군) 채용,㈜피앤피시큐어,서울 강서구 신입·경력 학력무관 정규직,웹개발 백엔드/서버개발
[(주)컨텍] 우주 사이버 보안 분야 직원 채용(우주보안기술개발),(주)컨텍,대전 유성구 경력1년↑ 학력무관 정규직,웹개발 AI(인공지능)
소프트웨어 개발 및 기술지원자 모집[정규직],(주)하이퍼온,서울 구로구 경력무관 초대졸↑ 정규직,웹개발 백엔드/서버개발
[경력] 백엔드 개발자 채용,예진(주),서울 송파구 경력3년↑ 대졸↑ 정규직,Python 웹개발
